,1,2,3,4,5,6,7,8,9,10,11,12,13,14,15,16,17,18,19,20
0,0,389,391,955,758,1,395,394,997,29,30,390,338,363,397,939,31,103,114,151
1,1,393,29,0,27,392,108,115,397,973,391,395,90,327,989,5,112,130,794,4
2,2,3,4,148,394,147,389,149,5,6,150,391,833,34,296,395,643,684,801,29
3,3,2,4,149,394,6,5,983,148,150,395,29,390,33,147,389,391,643,65,107
4,4,3,2,394,6,983,33,150,148,5,395,146,391,973,65,115,149,219,327,368
5,5,6,397,390,33,4,109,110,115,329,3,34,65,117,327,328,684,828,973,2
6,6,5,3,4,390,397,973,112,150,33,149,2,115,394,842,983,110,792,65,107
7,7,8,86,88,23,12,82,90,80,93,134,84,130,129,136,81,99,127,187,994
8,8,7,86,82,23,136,80,81,12,83,99,85,355,88,84,93,97,100,104,134
9,9,138,355,23,134,100,354,84,299,340,353,127,177,130,371,372,374,59,63,93
10,10,13,11,12,15,139,19,85,17,20,81,92,140,16,82,86,91,912,14,54
11,11,10,14,92,16,19,90,95,17,12,325,88,13,94,96,951,25,984,986,8
12,12,10,13,14,16,11,15,92,8,85,94,90,82,86,7,21,19,448,91,136
13,13,20,19,10,18,17,14,16,12,137,91,140,15,85,94,11,139,8,141,143
14,14,17,136,12,88,92,90,91,95,11,18,13,84,94,10,42,85,448,984,15
15,15,912,10,91,85,12,13,16,95,20,86,92,214,82,486,14,18,19,90,97
16,16,94,13,91,17,12,15,95,19,92,18,85,11,82,20,21,96,912,10,14
17,17,18,19,14,16,11,85,92,10,15,13,84,91,250,384,131,136,284,383,12
18,18,17,80,19,20,93,16,13,22,97,99,128,143,85,91,96,131,136,137,145
19,19,13,17,20,10,18,11,16,85,91,92,95,14,94,374,93,388,12,21,46
20,20,18,139,140,141,91,137,13,19,16,80,85,10,22,136,86,98,15,81,146
21,21,22,23,24,138,144,82,85,127,81,89,131,134,146,80,91,99,133,135,17
22,22,21,23,93,96,24,146,89,18,91,127,132,128,135,144,8,20,82,99,134
23,23,22,21,93,80,8,127,9,18,82,136,146,7,99,134,138,144,12,24,131
24,24,87,21,43,710,82,380,22,47,281,364,783,23,83,88,141,307,368,673,18
25,25,28,26,27,321,31,37,42,303,32,60,71,119,329,30,35,38,53,65,72
26,26,27,25,28,29,44,38,52,32,79,114,41,71,329,42,57,58,40,60,116
27,26,27,25,42,28,29,38,40,114,52,32,46,994,1,44,71,79,113,120,988
28,28,25,26,27,29,79,65,71,42,44,58,38,60,62,124,35,37,41,53,61
29,29,1,26,0,27,390,38,44,674,25,333,40,126,114,115,329,394,395,397,4
30,30,32,31,39,49,50,0,35,58,119,25,36,37,46,397,389,29,33,47,131
31,31,32,46,30,40,47,55,25,38,311,312,119,315,26,42,316,320,709,928,1
32,32,30,31,26,25,42,119,27,38,40,305,28,58,29,33,39,46,47,54,77
33,33,34,36,35,37,973,801,49,112,150,6,360,390,983,2,5,119,125,327,344
34,34,33,36,35,49,327,6,50,119,147,37,305,977,5,48,71,344,363,983,3
35,36,35,37,33,34,113,305,125,32,995,26,50,363,28,42,52,58,144,150,360
36,36,35,37,33,34,50,32,69,119,125,30,25,72,459,728,995,20,39,49,57
37,35,37,36,33,34,113,125,316,25,30,50,60,62,305,314,565,26,32,39,45
38,38,41,42,44,40,26,56,71,32,43,28,31,46,47,60,67,68,125,25,29
39,39,46,43,42,47,48,41,40,31,50,44,49,51,30,32,35,45,360,377,29
40,40,46,42,47,31,38,39,44,59,41,311,315,64,55,313,27,94,677,24,25
41,41,44,42,38,46,57,26,39,40,45,52,54,58,67,29,47,49,68,340,4
42,42,41,43,40,39,44,46,38,47,26,27,28,32,48,84,677,62,63,80,136
43,43,39,42,47,40,48,41,44,46,24,31,32,36,61,45,49,50,91,105,306
44,44,41,26,40,42,52,58,38,39,46,50,49,60,57,79,45,53,62,25,29
45,45,48,54,38,39,44,49,67,290,41,50,61,298,305,35,42,56,68,123,292
46,46,40,42,47,39,44,64,41,38,31,311,315,55,312,26,43,59,317,27,48
47,47,46,42,40,39,311,31,43,307,319,38,312,41,44,317,318,48,303,313,55
48,48,39,45,43,49,50,298,42,34,44,35,41,36,150,290,292,23,38,46,81
49,49,50,39,48,44,58,344,45,20,103,327,395,30,33,34,66,141,975,35,38
50,50,49,48,103,44,39,58,34,344,30,43,35,363,32,36,54,60,360,395,6
51,51,345,562,346,112,385,327,343,719,344,354,476,643,47,69,105,341,348,363,702
52,52,53,60,57,58,56,26,44,54,27,63,65,79,111,59,114,55,390,41,110
53,53,52,60,54,57,58,56,79,55,26,616,27,59,65,44,63,114,774,110,305
54,54,60,68,56,66,52,53,67,58,62,57,61,63,65,44,79,995,47,48,77
55,55,64,59,60,46,61,53,40,52,31,955,57,63,47,62,56,616,27,39,44
56,56,60,53,54,65,67,58,68,61,63,52,66,79,62,616,38,383,384,390,679
57,57,60,52,54,53,58,62,56,44,68,41,26,66,55,61,63,65,25,59,119
58,58,53,54,65,52,50,60,56,57,63,36,44,79,114,120,6,20,26,33,39
59,59,55,64,40,46,60,31,313,315,57,44,111,52,53,58,65,47,66,456,733
60,60,54,61,68,52,58,62,66,67,56,53,59,65,57,63,120,677,9,32,38
61,61,62,60,56,54,66,38,40,55,32,58,67,26,43,50,52,59,63,114,390
62,62,61,60,54,66,68,67,58,56,49,52,38,44,57,45,63,65,114,313,420
63,63,60,54,58,52,56,67,53,66,68,65,9,57,61,64,21,62,138,390,994
64,64,55,59,60,46,40,52,53,63,57,31,24,47,54,62,82,317,318,379,616
65,65,58,60,390,56,53,329,396,28,973,52,54,79,67,110,115,913,57,61,66
66,66,68,54,60,67,38,47,31,62,69,120,125,305,961,32,44,49,58,61,307
67,67,68,54,60,66,62,56,63,44,58,61,330,50,82,272,24,34,39,41,45
68,68,66,54,67,60,44,38,58,62,61,42,47,53,63,125,329,390,646,783,961
69,69,116,126,783,643,79,113,36,314,34,76,102,125,329,71,506,770,50,68,109
70,70,313,312,79,315,74,310,318,303,73,75,77,311,815,314,321,72,78,123,126
71,71,79,312,126,78,124,119,69,120,303,307,38,76,314,28,77,122,310,44,70
72,74,73,72,815,75,77,70,319,303,304,11,309,310,312,323,456,562,846,0,0
73,73,74,77,815,72,75,70,76,78,303,310,55,119,301,304,311,312,313,314,315
74,73,74,815,72,77,75,70,78,303,307,76,304,310,25,113,114,309,316,317,319
75,75,73,78,72,74,310,77,306,303,70,302,76,815,71,300,312,989,304,307,308
76,76,77,73,75,309,74,327,78,328,355,69,71,119,120,124,125,275,310,424,611
77,73,77,74,76,70,75,303,72,78,310,120,312,327,815,124,307,315,769,71,119
78,78,73,70,74,75,71,77,304,310,119,120,307,302,303,125,126,314,301,815,72
79,79,126,314,71,318,44,69,52,25,28,58,506,70,114,310,783,53,54,57,60
80,80,136,23,83,18,8,86,7,82,100,81,93,137,143,85,97,88,91,138,21
81,81,82,86,85,80,89,139,8,138,83,20,146,21,99,132,10,23,49,131,133
82,82,86,83,81,80,85,8,24,91,140,21,67,133,139,337,12,50,87,93,102
83,83,82,86,99,80,97,138,145,340,8,98,81,363,21,85,84,140,298,331,352
84,84,136,97,88,14,562,23,90,134,7,100,80,89,108,703,815,9,17,24,94
85,86,85,82,83,20,80,81,91,138,8,17,84,12,13,15,21,135,137,140,363
86,86,82,85,83,81,138,8,80,23,15,99,134,136,139,10,7,12,16,17,24
87,87,88,24,89,386,99,8,21,23,134,452,85,144,363,20,140,222,515,797,16
88,88,90,96,87,7,92,93,89,130,17,84,95,14,21,23,97,11,91,129,136
89,89,132,21,81,22,87,146,88,99,127,245,129,8,7,93,134,144,11,17,23
90,90,88,92,94,95,12,96,14,91,7,84,89,11,15,136,487,522,946,87,97
91,91,16,15,95,21,92,80,12,14,90,93,13,18,84,94,133,10,19,23,82
92,92,95,94,16,90,11,96,14,88,91,12,17,40,59,133,93,15,86,145,371
93,93,96,23,128,22,18,131,7,88,91,144,8,83,85,127,135,136,863,9,17
94,94,95,16,20,92,12,90,140,10,19,97,14,15,141,18,21,47,85,91,98
95,95,94,92,90,91,10,16,19,380,15,14,84,88,113,737,11,17,18,20,42
96,96,93,88,92,145,11,22,90,95,97,146,393,18,23,128,143,986,85,91,129
97,97,98,99,145,137,84,975,83,96,136,143,146,8,18,88,93,134,142,34,90
98,98,97,137,143,99,141,136,100,146,145,975,139,20,83,144,18,128,140,142,360
99,99,97,100,134,98,138,146,83,137,144,84,21,23,127,139,143,22,130,132,140
100,100,99,136,137,9,98,143,130,97,134,144,145,8,23,50,128,439,93,146,206
101,385,386,101,51,347,346,366,879,343,344,345,348,354,295,298,735,745,815,877,22
102,102,334,337,305,946,103,328,135,357,358,360,361,522,85,677,76,82,106,363,372
103,103,360,50,337,6,36,344,4,49,20,58,391,394,395,34,5,35,137,357,362
104,104,280,331,105,272,278,287,330,106,286,271,383,276,298,335,371,373,342,350,355
105,105,106,383,384,104,373,364,298,379,380,381,286,370,382,335,338,348,354,368,374
106,106,342,104,105,337,362,294,295,330,336,341,357,333,335,360,150,356,151,280,287
107,107,5,983,973,980,396,108,329,971,2,4,6,78,417,879,1,117,397,701,801
108,108,393,973,328,115,109,116,329,396,985,946,107,327,397,991,112,117,110,121,392
109,109,973,108,65,5,397,390,392,393,396,955,328,640,911,983,997,115,885,947,6
110,115,110,390,973,114,392,116,393,5,65,329,107,396,112,397,79,108,117,1,6
111,111,59,818,688,65,530,623,777,107,318,418,618,827,971,644,677,682,908,319,57
112,112,125,113,117,107,115,69,110,643,961,988,5,6,502,710,954,977,987,51,116
113,113,114,112,988,125,117,126,990,304,307,309,947,78,115,816,989,35,69,116,301
114,114,113,26,110,329,947,994,52,112,390,58,60,115,307,317,677,951,991,992,0
115,115,110,329,396,973,108,397,393,5,116,125,6,114,327,991,109,113,119,317,390
116,116,69,126,125,329,113,112,58,107,455,119,120,314,464,988,65,79,110,327,787
117,117,112,115,107,108,113,397,396,506,340,393,69,125,643,5,577,641,1,6,109
118,118,119,121,120,122,125,124,123,933,962,126,923,964,31,60,909,931,996,1,27
119,119,120,125,118,121,124,116,77,71,73,30,74,123,305,49,310,29,32,39,42
120,119,120,125,118,121,124,78,32,73,71,112,77,123,126,42,307,27,29,30,34
121,121,118,119,122,123,124,120,125,467,909,923,567,73,126,328,391,924,931,934,987
122,122,124,123,118,121,923,71,119,766,774,303,314,27,79,120,154,316,630,889,962
123,123,124,122,396,119,121,79,125,65,110,329,973,6,71,115,118,312,397,1,38
124,124,123,122,119,120,118,71,121,125,79,314,126,312,316,29,1,42,70,76,78
125,125,119,120,112,113,124,121,305,78,76,118,123,126,77,73,122,307,314,363,988
126,126,314,71,69,79,113,116,316,317,78,114,307,363,112,329,107,124,125,696,29
127,127,128,129,134,144,141,143,146,23,130,132,89,18,22,99,135,138,21,98,353
128,128,127,143,136,134,141,9,100,135,144,131,21,23,138,18,22,129,93,94,96
129,129,127,130,132,134,144,128,131,88,142,89,92,135,946,94,99,146,975,7,61
130,130,129,134,88,100,99,144,127,132,7,994,93,8,23,96,723,21,108,607,911
131,131,134,132,136,128,133,135,137,129,17,14,23,138,99,144,18,20,84,88,93
132,132,134,131,129,89,127,975,144,146,130,99,18,20,21,22,23,100,133,135,142
133,133,131,135,86,82,138,132,142,83,85,91,92,15,50,93,141,12,24,139,13
134,134,99,131,132,127,128,129,130,144,9,100,136,138,21,7,23,135,975,8,98
135,135,142,128,141,138,127,133,23,22,134,140,9,131,82,93,97,129,83,85,102
136,136,80,137,8,100,14,23,128,143,84,97,91,86,88,90,131,7,12,82,141
137,137,136,99,975,20,97,100,85,98,143,13,80,146,141,8,18,23,142,144,295
138,138,9,134,133,84,131,352,23,99,81,82,353,127,141,80,83,86,135,355,85
139,139,140,143,141,81,10,20,86,142,138,98,82,650,85,97,309,963,15,16,21
140,140,142,139,141,20,81,94,778,143,843,82,86,135,146,10,138,975,12,85,97
141,141,142,139,98,140,143,128,20,135,82,86,127,136,138,94,133,134,791,2,9
142,142,141,140,135,139,129,133,83,97,86,98,99,82,137,15,20,94,134,146,8
143,143,128,98,139,100,146,141,136,18,97,127,80,137,13,20,96,140,144,145,460
144,144,128,129,127,146,135,132,23,131,134,99,142,97,98,100,93,138,21,141,143
145,145,97,83,96,98,146,99,148,412,92,93,150,340,652,877,899,907,951,18,81
146,146,144,99,97,132,143,2,21,127,22,89,129,137,138,4,23,81,134,145,147
147,147,148,34,2,150,360,833,49,146,913,394,460,6,149,395,649,693,814,972,978
148,148,147,2,150,833,395,4,145,6,98,146,149,433,562,5,99,137,144,639,693
149,149,3,296,394,150,2,6,344,5,4,390,148,145,801,33,103,107,112,756,836
150,150,344,360,149,346,148,296,357,460,562,2,6,385,103,337,341,801,972,4,33
151,151,158,237,264,171,259,157,245,263,268,195,227,253,162,172,180,182,187,223,230
152,152,157,154,155,156,259,200,232,217,283,195,204,230,231,262,151,220,229,239,19
153,153,204,155,200,265,203,154,266,190,229,185,194,202,187,216,219,222,761,152,175
154,154,155,204,259,152,262,254,151,219,200,255,283,157,207,261,263,156,257,260,836
155,155,204,154,200,153,152,252,157,201,265,156,187,192,226,160,193,194,196,202,219
156,156,215,218,152,219,157,247,154,162,220,155,204,217,161,230,151,169,201,173,193
157,157,230,158,152,151,259,232,156,154,231,264,215,218,263,217,155,169,187,204,247
158,158,151,237,253,171,227,236,173,195,268,264,180,166,179,241,157,245,210,234,248
159,159,211,168,242,246,243,180,163,179,209,208,173,172,178,225,236,253,171,166,167
160,160,226,200,202,219,176,255,169,204,214,170,220,256,212,213,231,267,355,175,177
161,161,162,166,163,218,164,167,168,219,238,212,247,180,215,217,220,241,51,159,173
162,162,166,161,167,164,151,208,218,238,263,168,172,215,241,247,156,163,173,264,785
163,163,161,168,165,159,246,166,211,162,243,167,164,175,180,179,242,207,208,213,220
164,164,210,166,161,162,165,212,238,227,236,241,176,163,167,434,208,215,217,219,246
165,165,236,234,237,164,163,168,241,166,214,238,240,161,159,246,158,162,195,208,227
166,166,167,162,161,164,247,215,158,173,210,241,163,168,171,176,240,242,172,212,238
167,166,167,162,161,164,210,246,172,176,215,159,168,180,253,242,247,171,173,273,158
168,168,159,211,163,161,242,208,213,237,162,165,166,180,236,179,243,209,173,178,184
169,169,176,177,212,173,231,160,222,172,257,232,258,170,215,230,247,270,157,188,203
170,170,177,233,246,169,184,160,181,197,175,226,228,229,267,355,176,192,222,255,172
171,171,172,178,173,268,180,158,151,246,253,176,236,237,159,166,168,195,208,211,264
172,172,176,171,173,246,253,180,169,178,273,676,159,166,208,264,167,170,177,179,210
173,173,171,172,176,253,215,339,227,151,167,180,273,169,158,166,178,210,211,218,236
174,174,261,235,249,225,248,250,223,254,269,227,284,224,170,192,275,104,157,182,231
175,175,189,191,170,226,184,182,200,202,185,194,229,186,216,193,198,201,188,192,197
176,176,172,173,169,171,246,160,178,207,166,167,159,208,273,164,177,242,352,168,181
177,177,170,169,246,197,160,233,355,172,224,175,205,226,181,206,188,229,372,9,184
178,178,209,211,210,246,236,171,181,172,208,159,162,163,168,176,180,212,161,165,166
179,180,179,245,243,195,172,242,246,208,159,171,253,223,197,210,254,268,151,227,251
180,180,179,243,242,159,246,178,211,245,171,173,195,209,151,168,184,215,253,161,162
181,181,267,266,265,188,228,189,229,177,170,222,178,191,196,202,279,176,183,296,850
182,182,192,184,185,189,186,202,262,191,170,196,198,225,235,254,164,255,159,163,227
183,183,233,189,266,267,197,265,198,181,196,221,206,188,199,202,210,24,177,184,191
184,184,189,191,182,185,193,186,202,192,170,188,209,213,207,274,168,177,194,211,262
185,185,186,193,182,192,189,194,201,184,187,200,202,203,204,191,153,155,175,207,260
186,186,192,185,193,189,187,182,201,184,203,259,199,200,151,153,154,157,170,188,191
187,187,201,193,185,186,192,200,153,189,194,204,151,155,158,196,182,203,157,160,161
188,188,189,181,191,202,229,190,196,265,184,266,850,170,203,228,267,155,169,183,198
189,189,191,188,184,196,186,181,202,187,182,185,193,266,183,192,197,199,203,850,170
190,190,188,202,203,194,196,153,189,229,184,216,198,199,181,185,257,200,228,160,161
191,191,189,184,175,188,182,185,265,181,183,201,209,267,186,187,193,234,266,202,214
192,192,186,182,193,185,187,226,199,201,202,203,184,194,225,189,233,170,196,198,197
193,193,186,185,201,187,192,184,182,189,155,177,207,158,188,196,198,200,204,231,232
194,194,204,155,200,153,185,266,202,265,175,192,193,201,182,187,190,196,219,170,186
195,195,245,158,151,242,179,180,171,264,253,676,217,247,254,852,152,155,164,172,227
196,196,198,197,188,190,200,199,183,203,187,233,194,155,170,177,184,189,192,193,202
197,197,198,199,196,233,183,226,205,224,189,160,256,170,208,214,267,192,223,246,184
198,196,198,197,170,184,199,192,202,177,188,190,203,233,182,200,174,183,187,191,194
199,199,197,196,192,198,183,201,226,190,224,203,233,252,256,188,214,219,170,185,186
200,200,204,155,226,202,194,229,233,196,175,185,187,197,244,154,160,192,201,184,152
201,201,187,193,185,192,200,189,158,186,194,226,155,156,191,182,184,196,198,220,151
202,202,184,189,182,191,185,200,194,226,255,170,188,192,266,204,229,233,267,186,163
203,203,192,199,153,185,186,196,190,188,258,270,170,194,202,201,154,187,204,229,151
204,204,155,200,154,153,202,194,185,187,226,192,257,152,219,252,265,175,182,193,198
205,205,208,206,224,256,214,197,223,227,244,209,236,178,207,220,160,177,219,232,234
206,206,221,205,267,209,208,266,256,181,224,183,210,223,233,265,214,348,179,197,222
207,207,208,219,222,213,176,257,263,184,205,212,215,154,231,244,256,216,255,291,160
208,208,207,209,162,205,159,222,251,254,257,168,179,210,180,227,273,161,178,206,212
209,209,211,208,206,178,210,168,180,207,227,243,184,159,163,179,205,213,170,234,246
210,210,164,246,178,209,211,166,215,217,236,206,167,172,180,208,176,212,242,168,179
211,211,159,168,209,178,163,173,180,236,237,184,213,179,208,246,171,339,210,242,243
212,212,216,217,219,215,218,251,169,176,213,214,289,177,160,164,207,210,232,157,161
213,213,219,220,207,218,211,214,168,184,205,212,215,176,193,161,160,165,201,208,209
214,214,234,239,213,205,212,191,219,165,244,160,236,164,177,240,197,221,237,226,241
215,215,218,212,217,216,173,162,247,210,166,156,219,169,213,178,161,167,209,232,238
216,216,212,219,220,215,218,217,266,156,207,257,852,178,190,203,222,175,201,204,213
217,217,215,218,219,212,220,239,216,232,247,210,231,156,238,264,176,152,166,169,180
218,218,215,156,217,219,213,161,247,216,220,212,162,230,207,238,157,231,264,0,0
219,219,220,216,207,218,213,217,266,212,214,215,265,156,163,175,221,267,160,161,176
220,220,219,213,216,256,205,255,226,207,160,208,214,217,209,184,193,200,218,221,244
221,221,267,266,206,265,233,183,220,160,355,209,226,294,197,213,224,256,97,98,137
222,222,257,207,258,208,270,169,296,267,248,212,216,244,249,279,176,247,260,348,355
223,223,224,227,205,295,199,151,174,197,259,256,208,245,260,179,235,244,261,262,284
224,224,223,256,205,231,199,261,232,208,227,260,177,235,197,226,259,192,206,233,278
225,225,235,227,273,246,174,255,243,159,173,163,224,172,242,262,263,271,275,176,180
226,226,200,202,160,233,175,184,256,192,197,201,193,191,205,220,224,230,231,170,186
227,227,223,235,225,236,224,237,240,208,273,151,205,264,158,173,232,263,180,231,234
228,228,229,202,267,958,348,840,222,226,200,175,181,233,266,355,170,203,257,160,258
229,229,175,200,228,190,194,202,170,233,153,204,226,257,155,203,222,267,232,181,188
230,230,231,157,232,259,263,193,169,261,264,226,249,338,239,260,152,155,160,224,235
231,231,230,232,169,263,157,264,259,176,193,226,291,160,229,235,239,256,260,152,200
232,231,232,230,264,217,227,224,239,169,240,256,157,212,248,152,257,205,218,247,263
233,233,197,226,183,200,189,198,256,267,196,252,170,202,265,177,192,199,206,221,266
234,234,236,240,165,214,237,238,191,208,227,241,244,163,164,262,180,209,235,239,805
235,235,225,227,174,273,263,191,234,244,255,676,231,224,236,248,249,264,275,537,104
236,236,165,234,237,227,178,211,240,158,214,246,238,241,180,159,171,208,210,676,163
237,237,236,158,151,234,171,227,165,253,268,240,241,173,179,223,262,187,224,238,15
238,238,240,241,239,234,166,164,161,247,162,253,232,236,165,167,215,227,237,242,264
239,239,240,241,238,247,232,217,214,231,244,212,230,191,215,234,256,263,264,338,361
240,240,241,238,239,162,166,234,247,161,232,253,164,180,167,215,156,157,165,195,212
241,241,240,238,239,166,253,164,227,234,162,236,161,232,165,167,158,176,195,237,151
242,242,243,180,179,245,247,159,195,246,254,262,253,211,238,172,225,162,168,173,676
243,243,242,246,254,180,159,245,179,255,163,247,262,182,195,208,225,676,805,168,178
244,244,200,256,260,234,239,255,240,249,214,241,175,297,223,224,231,233,295,154,250
245,245,195,242,254,151,179,180,158,243,264,172,284,154,237,253,223,227,246,251,262
246,246,172,243,180,159,251,210,242,208,179,163,164,236,171,178,168,212,676,170,173
247,247,255,215,239,218,156,232,257,264,238,242,231,256,217,161,212,154,155,162,173
248,248,250,249,269,537,174,270,273,235,258,227,257,263,169,231,232,279,158,160,176
249,249,248,250,269,174,244,537,235,261,263,270,227,256,273,230,231,247,257,105,176
250,248,250,249,537,174,269,263,227,257,264,270,273,162,176,253,104,235,258,267,676
251,251,246,676,239,171,910,212,172,210,242,164,178,290,828,697,166,176,179,222,254
252,252,262,192,155,233,196,204,197,199,200,187,198,226,256,265,183,224,154,186,170
253,253,173,171,158,263,264,273,237,240,151,172,162,166,241,179,195,230,339,157,168
254,254,243,245,262,195,179,242,284,154,155,174,180,172,208,225,676,171,182,257,348
255,255,244,247,256,235,207,160,225,226,224,169,170,200,209,220,233,249,260,163,202
256,256,244,205,200,224,260,233,197,226,255,220,223,160,214,219,247,231,232,170,199
257,257,222,207,258,208,244,249,256,216,270,170,247,279,229,260,169,205,212,219,248
258,258,257,270,260,248,222,279,259,249,261,153,250,203,265,229,231,232,267,269,154
259,259,261,151,260,154,157,258,283,230,265,263,152,187,223,231,8,192,207,248,249
260,260,244,259,261,231,258,291,193,207,186,263,230,200,235,257,273,274,154,185,255
261,261,174,259,260,230,249,279,192,283,235,255,154,224,258,223,244,248,170,231,250
262,262,254,182,154,225,151,242,185,237,184,243,245,252,380,198,223,234,235,179,187
263,263,264,273,230,151,253,162,227,248,250,231,249,173,235,277,158,185,232,284,157
264,264,263,253,232,231,151,195,227,247,248,273,162,240,157,158,173,230,239,171,186
265,266,265,267,153,181,219,850,191,228,222,184,202,221,259,183,189,332,204,220,229
266,265,266,267,153,181,219,221,189,222,228,183,194,204,216,903,155,202,850,105,191
267,267,265,266,181,222,160,221,228,229,183,184,206,257,188,197,244,256,8,177,191
268,268,171,237,151,158,180,179,246,341,172,173,104,195,344,236,253,348,385,177,182
269,269,271,272,270,273,274,280,248,249,279,250,235,277,294,537,170,174,177,224,276
270,270,269,279,258,273,296,272,248,222,271,348,250,257,291,355,23,174,249,274,286
271,271,272,274,280,269,273,278,277,275,276,104,270,174,225,248,279,291,350,177,184
272,272,280,271,269,274,278,277,273,104,270,287,279,276,298,335,362,24,106,151,225
273,273,274,253,271,227,263,272,225,235,269,286,291,104,248,264,237,270,277,151,171
274,274,273,271,272,277,276,275,260,269,291,104,280,286,184,227,278,343,173,186,264
275,275,276,274,271,278,235,225,341,264,272,172,273,352,104,342,349,351,174,268,277
276,276,275,274,294,272,291,271,273,289,293,342,343,354,177,287,355,104,246,280,372
277,277,278,280,272,274,271,273,279,287,387,335,168,213,294,104,158,176,207,211,225
278,278,277,280,274,271,272,104,279,387,273,356,287,298,336,376,381,259,263,269,275
279,279,270,258,278,269,356,296,280,277,357,257,348,222,261,250,383,89,169,248,249
280,280,277,278,271,272,104,335,274,269,273,279,286,298,331,382,387,151,235,263,275
281,282,281,285,287,283,280,286,292,673,284,289,453,539,700,722,728,761,811,51,88
282,282,281,285,287,292,288,283,290,286,340,284,289,750,291,539,192,245,478,611,673
283,283,281,287,332,259,285,282,154,258,284,152,261,850,230,260,338,478,543,153,156
284,284,285,287,281,282,286,283,539,700,151,588,174,225,359,104,158,332,356,904,171
285,285,281,282,287,284,283,539,750,223,896,104,171,196,245,286,292,508,620,673,905
286,286,291,287,290,292,273,288,104,282,284,289,293,355,285,274,276,296,350,353,371
287,287,282,285,286,281,288,289,292,272,291,278,280,290,293,269,276,283,331,335,356
288,288,290,293,289,292,287,291,282,599,41,276,285,286,390,45,251,353,5,42,51
289,289,288,290,293,287,292,282,81,251,276,285,286,279,291,383,9,38,269,270,281
290,288,290,292,293,289,282,286,287,285,353,10,33,38,41,45,47,49,81,82,86
291,291,286,260,293,354,288,292,294,287,347,274,276,289,372,220,244,261,283,345,348
292,292,282,290,288,287,340,286,289,281,293,274,291,163,242,243,352,5,33,41,45
293,293,288,290,289,287,276,291,286,298,68,83,212,285,292,353,646,8,9,42,63
294,294,295,296,342,297,276,341,260,106,360,347,191,286,354,186,209,220,291,298,387
295,295,297,294,342,224,106,341,369,347,367,379,197,205,223,233,260,357,366,221,256
296,296,279,294,270,222,257,356,150,388,181,258,295,207,208,269,336,33,149,228,260
297,297,295,294,369,362,224,361,367,345,256,342,232,244,260,439,239,357,358,360,372
298,298,299,356,336,335,357,377,280,104,362,363,48,358,359,380,383,384,276,342,360
299,299,298,336,383,359,360,362,104,276,356,335,9,24,105,364,384,23,82,85,261
300,300,302,304,303,310,305,307,308,320,772,314,306,312,311,319,59,73,78,124,301
301,301,304,305,317,310,75,302,307,321,326,989,308,309,78,306,946,125,316,626,957
302,302,304,300,303,314,306,305,307,310,312,78,308,75,34,70,71,126,301,309,311
303,303,307,302,304,300,312,310,314,70,311,309,306,74,313,73,77,126,308,320,326
304,304,301,307,302,317,300,303,305,308,314,78,306,309,989,310,312,316,318,319,326
305,305,302,306,307,304,300,125,988,34,119,310,120,30,35,126,303,995,32,67,85
306,306,302,305,304,307,303,314,310,300,78,71,301,308,120,122,124,148,313,316,849
307,307,304,303,302,78,305,310,317,308,300,306,309,312,77,318,126,311,316,319,24
308,308,309,319,316,304,320,300,318,310,312,75,302,78,314,946,70,301,303,305,73
309,309,308,946,599,304,310,410,985,303,984,316,319,325,738,74,302,307,324,989,11
310,310,302,303,307,300,304,71,308,309,78,79,312,70,75,77,120,314,73,315,320
311,311,312,315,313,303,317,318,307,70,46,47,74,316,39,40,300,304,320,989,21
312,312,311,303,315,313,316,317,318,314,70,300,307,124,306,319,71,304,310,47,302
313,313,315,312,311,70,46,303,59,738,77,677,310,988,40,52,55,318,53,57,72
314,314,312,310,78,302,304,316,71,317,70,79,303,124,125,126,300,307,311,120,301
315,315,313,311,312,318,317,46,70,40,319,320,120,125,310,600,677,31,59,124,314
316,316,317,308,318,304,314,319,311,312,309,119,78,125,36,71,74,120,303,32,35
317,317,316,304,311,314,318,312,308,315,301,307,78,302,303,31,126,310,326,70,111
318,318,320,317,319,316,324,312,308,311,126,310,313,315,784,78,79,111,304,314,70
319,319,320,318,308,310,313,316,315,309,311,326,815,70,74,78,317,322,73,77,324
320,319,320,308,318,317,313,316,326,300,310,517,53,70,92,311,784,872,74,78,79
321,321,322,323,326,318,510,325,324,518,25,32,56,65,72,301,443,738,827,899,26
322,322,326,325,324,321,298,323,946,91,13,551,94,133,141,309,730,5,24,40,43
323,323,321,322,325,318,326,309,72,303,946,998,40,110,324,580,858,28,36,41,43
324,324,325,322,326,420,985,321,318,323,946,319,14,309,361,738,778,859,0,11,13
325,325,324,326,322,11,323,984,321,309,503,94,211,318,1,27,311,315,420,433,479
326,326,322,325,324,321,318,323,87,304,317,319,606,73,290,301,327,584,855,70,140
327,327,328,329,973,108,34,115,616,112,994,995,5,49,33,76,109,125,396,488,584
328,328,108,396,973,946,102,116,329,990,109,115,397,76,84,334,393,991,985,65,110
329,329,110,115,327,116,397,390,114,79,126,5,26,65,108,973,66,109,328,6,28
330,330,331,332,335,104,106,353,272,66,336,47,264,280,923,24,83,85,138,245,287
331,331,330,332,335,104,353,83,352,350,272,106,912,85,278,24,32,133,182,277,287
332,332,283,330,338,331,333,258,229,8,259,153,568,261,284,104,230,257,355,359,534
333,333,338,937,359,987,332,356,259,334,434,674,850,929,283,285,330,357,377,463,552
334,334,337,102,361,377,357,372,328,360,297,336,380,338,362,381,462,356,375,379,76
335,335,280,336,298,331,330,104,377,382,106,357,356,380,10,278,287,333,337,338,384
336,336,337,298,299,335,360,106,362,356,357,294,372,972,295,296,350,358,649,825,970
337,337,360,336,357,334,356,106,338,298,342,294,299,150,335,49,50,58,82,100,103
338,338,333,332,337,336,330,331,106,230,356,184,208,239,262,348,357,434,674,719,8
339,339,345,603,515,912,159,730,351,354,676,690,355,173,253,352,353,160,176,242,291
340,340,292,9,351,83,282,815,293,352,396,99,117,353,388,806,290,386,646,144,145
341,341,342,343,344,106,346,151,245,295,345,348,51,161,178,180,203,276,294,338,372
342,342,341,343,347,106,269,294,295,344,350,346,298,348,272,276,363,372,9,104,170
343,343,342,341,346,101,347,344,349,276,348,372,291,345,51,106,350,363,275,278,280
344,344,385,150,346,341,367,343,360,6,296,50,101,103,149,268,342,365,36,49,51
345,345,690,346,730,603,347,339,348,51,354,291,343,385,355,912,295,425,427,612,879
346,346,345,347,343,344,690,385,348,342,341,349,386,730,51,101,355,103,360,603,6
347,347,345,346,348,343,291,294,355,295,342,341,350,354,366,386,233,256,344,385,349
348,348,349,350,345,353,355,346,347,352,343,209,256,338,342,351,172,216,227,257,267
349,349,348,350,272,353,346,347,351,354,343,172,209,178,291,342,355,970,101,171,268
350,350,349,348,353,351,352,336,346,294,274,331,101,104,150,209,272,342,343,347,355
351,351,352,353,350,349,345,346,343,339,354,159,291,348,730,138,211,225,340,603,690
352,352,353,351,350,134,355,133,138,171,273,274,354,9,172,271,287,140,178,275,276
353,353,352,351,350,355,138,134,349,274,9,345,176,273,340,173,104,128,171,172,275
354,354,355,349,291,385,345,348,386,9,347,690,346,676,104,105,172,294,339,350,351
355,355,354,348,9,104,353,286,347,352,345,160,170,272,276,676,958,138,212,267,268
356,356,357,358,359,298,360,362,279,335,81,299,333,336,361,150,274,277,284,364,104
357,357,356,358,360,336,337,298,106,295,359,367,381,305,333,334,361,39,136,150,178
358,356,358,359,357,360,362,298,333,361,335,336,337,103,106,220,284,299,377,378,380
359,359,356,358,357,362,333,338,360,361,377,106,151,249,261,263,284,336,790,99,112
360,360,356,357,150,337,358,103,359,20,209,336,344,294,98,298,346,362,395,2,34
361,361,362,358,375,338,388,383,356,297,157,200,384,152,223,230,232,359,231,275,332
362,362,361,358,356,359,336,334,106,299,341,103,280,298,388,539,102,171,269,297,330
363,363,298,102,82,341,305,44,342,344,37,48,104,125,328,330,362,452,515,34,49
364,364,105,379,380,377,381,384,369,299,366,362,376,24,334,374,382,365,368,372,378
365,365,369,379,367,366,381,368,380,371,213,372,364,370,373,374,105,160,220,271,286
366,366,367,369,368,379,365,373,370,372,381,371,297,256,267,295,364,374,105,183,291
367,367,369,366,365,372,373,381,368,295,297,370,344,346,371,379,378,380,179,354,358
368,368,374,369,380,381,384,379,371,370,375,364,365,372,373,377,378,383,376,353,355
369,369,368,381,367,366,379,384,297,374,380,371,370,375,365,373,295,364,372,100,105
370,370,371,380,375,372,381,382,373,374,377,383,298,378,379,299,376,145,362,365,369
371,371,370,373,380,376,374,372,381,382,379,368,375,277,286,291,353,365,366,367,369
372,372,373,370,371,366,380,368,374,267,105,381,170,336,379,104,184,276,294,295,297
373,373,370,371,380,372,374,378,382,376,381,377,366,269,286,297,367,368,379,105,154
374,374,371,370,372,380,368,381,375,376,384,373,378,379,377,291,297,335,367,383,76
375,375,370,374,368,380,369,361,384,377,367,371,383,373,388,297,18,295,364,378,379
376,376,374,371,373,380,372,382,368,381,378,384,370,365,379,93,105,162,231,253,273
377,377,380,370,373,378,382,298,338,364,374,334,335,368,379,381,371,375,105,283,357
378,378,381,380,382,370,379,373,374,368,377,364,278,365,372,376,384,356,358,367,369
379,379,381,380,369,378,366,368,384,367,295,382,364,370,374,105,224,377,104,297,365
380,380,379,381,382,377,370,378,371,373,368,374,384,365,383,105,372,364,375,387,21
381,381,380,379,371,368,382,369,374,378,370,373,372,384,365,367,364,377,376,375,383
382,380,382,381,371,378,370,377,383,379,368,259,278,298,299,335,373,95,104,105,248
383,383,384,298,105,299,380,371,368,382,370,375,287,292,280,285,289,335,340,65,104
384,384,383,105,375,368,388,379,369,374,381,364,19,284,295,380,24,361,378,387,13
385,385,101,386,51,354,690,345,246,346,159,344,351,88,149,198,291,294,347,360,366
386,101,385,386,879,343,51,347,99,346,348,149,349,354,417,131,172,297,340,344,562
387,387,358,277,388,383,294,384,356,362,259,359,371,380,278,379,274,357,368,381,850
388,388,362,387,296,805,348,361,375,294,384,850,355,295,383,229,299,378,19,222,232
389,389,395,394,0,391,4,638,758,1,2,3,50,58,62,983,49,64,107,108,109
390,390,65,397,973,109,329,6,33,110,114,115,58,59,0,5,36,52,63,113,149
391,391,394,389,395,0,758,4,397,652,3,6,30,103,390,456,461,467,491,525,802
392,392,393,973,397,390,110,115,96,1,109,145,108,65,126,88,667,5,6,25,28
393,393,108,973,392,115,1,396,110,96,109,986,397,607,722,991,6,65,327,328,950
394,394,391,395,389,3,0,2,390,4,6,397,149,5,33,79,103,34,50,121,408
395,395,389,391,394,390,758,3,58,0,103,6,26,29,4,50,65,1,2,25,27
396,396,115,973,108,328,117,65,79,340,110,123,558,397,83,109,392,393,645,815,1
397,397,973,5,390,396,6,33,115,109,329,328,392,983,1,112,334,360,394,801,27
398,398,543,810,784,868,464,522,644,878,508,516,584,720,729,401,422,455,477,530,642
399,399,501,400,689,824,869,614,841,887,796,578,834,667,735,452,643,885,601,797,414
400,400,667,501,887,652,439,457,399,645,834,869,698,743,456,557,568,614,982,401,424
401,401,776,822,541,579,703,878,650,881,889,818,819,398,486,687,753,810,402,410,432
402,546,402,420,819,714,889,650,699,776,486,513,515,558,593,594,641,818,401,542,597
403,403,536,628,833,895,540,510,744,554,908,408,657,718,404,460,812,871,847,127,134
404,404,908,895,812,405,403,744,657,407,144,625,867,4,94,181,510,512,525,536,538
405,405,701,404,417,908,744,768,895,755,23,510,657,718,839,890,460,517,557,562,978
406,406,497,663,884,687,857,698,873,741,854,887,492,562,476,564,598,624,668,800,892
407,407,734,654,675,656,830,555,757,468,609,436,478,479,480,779,511,575,581,616,625
408,408,847,586,609,814,803,864,403,595,833,913,554,625,717,744,871,435,484,517,652
409,409,892,426,826,635,530,685,835,778,531,688,442,754,528,592,605,848,111,419,420
410,410,599,519,637,401,588,539,570,611,703,309,412,491,544,553,634,660,766,887,398
411,411,443,636,414,689,748,775,591,655,619,697,887,885,529,735,842,431,434,452,514
412,412,637,463,756,704,804,899,877,427,707,747,898,503,571,588,710,711,773,778,791
413,764,413,652,763,465,491,872,744,456,471,570,597,586,830,847,420,432,615,657,665
414,414,636,748,797,431,597,709,588,465,518,608,770,529,614,630,652,764,790,841,859
415,415,509,582,928,762,860,424,868,927,931,454,467,766,930,470,962,964,443,923,949
416,416,702,602,890,430,733,880,981,543,638,842,422,433,736,615,655,722,854,94,129
417,417,701,405,900,755,498,506,538,879,430,607,646,668,669,741,747,107,560,572,582
418,418,767,563,709,710,784,626,696,769,473,623,845,542,629,558,584,744,902,506,585
419,419,767,929,855,806,549,584,714,772,774,434,529,720,457,502,591,611,626,838,845
420,420,402,546,819,541,515,401,432,714,776,593,594,765,808,542,624,650,652,875,486
421,421,506,687,702,718,729,743,877,516,520,579,839,602,703,706,830,881,517,580,583
422,422,543,747,731,602,702,816,882,506,632,398,424,535,830,880,416,462,471,478,523
423,423,424,762,765,526,575,665,857,415,670,706,743,778,861,612,617,827,830,865,471
424,424,423,762,415,860,454,498,919,788,585,589,637,480,706,575,582,617,624,633,778
425,425,449,497,634,912,853,716,580,437,448,637,660,915,958,970,442,483,762,825,866
426,426,778,635,826,798,409,892,685,577,455,647,835,427,507,420,531,618,708,712,769
427,427,756,463,653,412,541,469,729,738,659,686,883,666,699,855,861,899,901,958,422
428,428,621,730,792,870,463,843,670,703,706,866,909,423,544,559,603,876,410,448,456
429,429,981,574,805,722,768,560,752,852,522,890,988,129,843,855,947,489,518,527,673
430,430,890,752,805,981,615,768,880,416,722,746,429,560,602,862,543,819,852,422,433
431,431,516,520,529,588,797,669,876,435,750,564,680,790,831,840,843,452,697,765,414
432,432,683,558,776,764,875,456,889,401,413,795,418,420,486,541,566,579,650,652,792
433,433,842,639,801,445,638,793,876,693,838,903,435,562,837,890,518,836,2,148,416
434,434,529,911,452,431,516,721,793,591,700,748,435,443,658,824,876,474,496,709,797
435,876,435,896,794,842,861,463,648,529,516,739,793,804,428,434,457,472,589,638,659
436,436,581,656,468,479,511,717,627,609,654,817,407,864,734,751,472,471,555,569,660
437,437,460,900,497,483,976,978,708,425,657,682,812,442,540,562,668,832,833,449,510
438,438,647,899,441,711,725,845,737,898,712,828,968,572,773,804,966,440,505,618,720
439,439,652,715,400,558,698,566,614,541,456,524,612,655,684,796,869,875,442,603,667
440,440,737,907,441,455,966,898,960,760,720,438,631,503,784,427,504,509,582,626,648
441,441,440,572,969,737,966,725,967,968,503,899,711,898,907,438,960,504,762,927,470
442,442,663,497,483,884,832,698,409,873,437,682,494,538,425,557,863,406,458,583,708
443,443,529,748,411,414,431,721,893,452,636,673,680,929,434,549,591,692,797,516,709
444,444,870,671,612,665,880,621,704,830,872,730,791,518,539,603,790,970,348,401,420
445,445,638,639,459,842,433,890,977,775,838,801,836,837,978,655,562,578,876,903,693
446,446,893,549,748,921,592,478,626,636,692,632,709,868,477,556,563,620,681,894,418
447,447,633,704,759,471,872,543,593,613,637,763,778,837,460,487,536,570,695,758,764
448,448,637,449,425,494,853,497,14,919,406,437,442,695,748,492,600,677,716,893,12
449,449,975,425,536,497,448,660,853,460,718,483,576,634,703,716,525,693,694,698,706
450,450,802,795,537,573,803,466,751,830,746,792,518,814,525,560,421,440,472,473,484
451,451,679,584,902,488,616,748,494,409,464,600,623,826,684,641,714,772,787,823,455
452,452,515,793,474,808,529,658,721,911,434,591,735,850,443,501,533,796,824,451,709
453,453,624,454,548,553,917,493,648,495,894,519,492,598,481,526,532,564,799,831,421
454,454,624,917,860,453,582,415,762,509,424,865,498,648,743,919,519,790,799,157,261
455,455,679,464,451,746,737,440,488,714,584,640,692,855,415,426,429,528,635,695,696
456,456,764,645,462,840,795,432,558,602,644,699,733,872,889,890,413,491,652,671,747
457,457,834,906,451,617,400,652,982,667,452,432,499,584,587,806,808,823,459,464,515
458,458,640,922,835,692,771,919,539,754,637,682,708,918,921,481,649,741,781,798,982
459,459,638,445,639,655,775,457,774,903,490,524,543,679,842,876,124,414,443,552,597
460,460,975,976,978,437,525,718,977,913,536,403,833,972,825,974,510,408,412,449,471
461,461,524,787,490,715,465,643,505,514,615,899,459,463,464,469,653,676,725,804,827
462,462,840,696,853,792,816,882,911,542,456,693,746,523,578,583,594,616,618,749,806
463,463,412,968,427,738,790,756,469,544,647,428,504,588,653,725,876,899,435,521,606
464,464,584,893,597,608,695,709,452,488,626,636,732,763,772,774,902,451,473,513,531
465,465,652,414,413,597,461,764,636,610,796,524,830,841,411,457,586,608,911,151,443
466,466,547,705,829,874,627,799,450,536,833,812,404,814,407,421,475,565,617,624,628
467,467,582,499,509,766,415,762,954,118,4,112,341,760,865,885,2,363,391,459,476
468,468,779,479,734,717,751,817,407,581,436,656,511,864,920,609,627,654,675,829,873
469,469,909,544,618,926,653,827,427,463,428,567,666,849,876,521,809,813,822,398,420
470,470,862,406,626,644,607,619,762,928,929,415,532,846,469,556,818,910,966,463,572
471,471,744,847,856,634,447,657,866,666,833,730,820,690,603,637,694,421,460,703,786
472,472,693,625,573,576,801,814,975,484,671,870,871,978,977,6,147,460,449,554,787
473,473,512,902,626,584,589,600,777,623,763,872,784,464,477,587,783,418,550,563,633
474,474,911,735,824,658,568,841,869,608,490,610,837,806,885,533,655,697,836,850,411
475,475,836,837,785,859,880,446,633,511,627,685,704,464,654,656,818,851,479,506,518
476,476,865,843,467,645,698,762,788,582,498,514,619,690,800,857,879,971,406,494,562
477,477,784,740,587,512,709,893,481,499,761,813,413,414,446,456,482,600,710,748,848
478,478,519,549,492,742,692,412,553,637,700,414,446,624,713,745,811,859,868,893,283
479,479,511,751,817,535,581,436,468,717,656,661,864,745,686,818,897,506,654,828,412
480,480,707,886,782,704,800,851,637,771,487,598,742,454,571,651,664,713,877,424,605
481,481,848,482,710,754,485,732,692,592,446,453,605,688,844,893,917,571,593,632,709
482,482,848,485,754,481,632,732,742,662,688,745,527,530,593,598,605,713,759,811,477
483,483,698,663,497,442,437,975,873,884,562,649,972,425,449,839,978,406,460,743,825
484,484,871,914,780,814,408,536,554,625,913,795,978,628,693,437,701,977,404,472,657
485,485,848,482,754,632,592,745,598,530,732,742,481,651,662,813,526,534,548,613,688
486,486,889,402,819,432,420,541,546,776,683,513,542,579,593,642,423,439,594,603,765
487,487,590,605,761,754,662,626,673,531,810,826,482,485,507,635,707,711,759,778,473
488,488,679,616,695,600,677,490,506,843,60,451,455,584,489,512,748,365,463,523,562
489,489,912,695,421,703,743,904,507,616,839,424,556,853,858,428,488,519,539,646,791
490,490,488,461,679,735,524,451,584,796,824,474,787,911,533,616,109,399,539,695,715
491,491,740,634,621,882,802,596,710,830,671,792,856,428,477,518,573,674,733,784,413
492,492,519,478,493,771,588,748,893,412,448,524,553,674,710,741,464,516,556,721,754
493,493,894,553,492,495,799,453,648,526,548,771,651,896,519,713,789,827,435,534,559
494,494,442,619,577,832,846,827,448,505,600,653,663,708,855,469,541,818,884,899,423
495,495,453,894,648,548,799,532,729,553,493,760,526,762,564,624,687,415,424,492,556
496,496,806,658,591,443,748,911,411,529,721,885,502,514,636,709,774,549,697,765,796
497,497,663,483,442,884,406,698,425,538,687,873,409,437,449,716,562,762,832,887,660
498,498,762,424,415,781,919,920,860,442,598,854,480,557,687,819,877,401,497,582,863
499,499,596,813,587,792,961,477,726,696,618,709,784,893,695,748,785,948,421,467,473
500,500,972,884,649,483,663,286,825,979,299,349,525,976,298,743,980,289,350,413,448
501,501,399,887,568,735,885,400,841,689,797,824,434,452,457,601,643,903,578,649,652
502,502,774,630,464,788,514,770,584,806,673,676,684,515,597,641,461,462,539,587,589
503,503,711,773,899,505,804,883,572,725,898,441,550,585,631,653,680,969,418,463,504
504,504,968,967,725,899,505,849,969,809,463,503,589,631,659,901,441,470,508,512,550
505,505,550,899,849,725,827,504,968,494,503,524,653,773,447,710,804,883,901,967,463
506,506,421,545,538,646,835,479,566,884,512,517,562,577,600,616,703,783,790,808,816
507,507,695,771,487,488,600,635,761,844,626,754,826,464,531,758,855,633,650,759,772
508,508,810,878,681,620,673,664,761,527,528,782,487,526,398,590,613,798,858,881,891
509,509,582,865,692,860,454,788,917,790,415,467,800,886,762,924,406,417,611,624,711
510,510,628,536,540,625,913,554,781,517,718,724,833,975,403,918,976,978,321,460,565
511,511,817,581,436,479,751,717,627,468,408,656,609,864,575,482,569,573,586,595,625
512,512,473,623,777,587,600,596,674,783,477,896,418,499,563,584,710,763,772,845,488
513,513,875,776,566,683,558,819,699,432,439,541,652,593,641,401,457,546,570,650,764
514,514,502,806,630,608,788,464,770,774,643,655,461,496,515,597,615,883,414,419,444
515,515,808,452,514,652,451,667,693,700,879,903,400,443,499,502,593,608,615,618,643
516,516,431,520,669,797,529,452,588,843,876,765,785,831,435,443,492,526,532,564,568
517,517,540,600,536,510,733,718,755,839,557,913,920,554,821,919,403,421,460,657,900
518,518,560,433,570,615,715,673,450,678,710,818,882,643,670,691,796,804,836,837,414
519,519,478,410,492,634,412,427,561,644,553,692,637,674,675,737,790,858,907,919,398
520,520,516,431,750,831,529,564,669,753,687,729,478,492,706,721,790,797,905,398,406
521,521,926,469,544,909,809,463,859,827,505,659,567,618,910,969,412,473,550,828,962
522,522,574,805,429,981,398,768,792,947,523,543,720,723,752,767,852,417,462,474,477
523,523,792,840,872,875,462,765,542,559,587,608,702,758,795,845,882,421,494,522,614
524,524,461,787,490,715,643,469,465,550,652,827,51,406,452,456,459,495,502,505,515
525,525,460,979,888,975,839,821,972,718,976,500,449,580,716,483,536,562,694,706,970
526,526,527,673,664,782,553,681,532,620,742,754,423,424,508,624,632,762,786,882,453
527,527,782,664,526,673,508,681,632,620,810,851,605,688,742,754,848,548,592,846,916
528,528,707,592,758,606,710,786,473,507,512,535,589,635,761,409,482,613,826,679,818
529,529,431,516,520,700,680,419,778,842,434,435,496,697,452,750,797,838,845,876,929
530,530,531,685,688,754,826,778,485,409,781,859,892,920,673,398,482,607,662,848,426
531,531,826,530,464,409,635,487,759,455,507,778,590,685,892,597,622,426,447,480,626
532,532,762,495,559,706,526,765,846,624,516,708,799,406,497,619,520,572,579,580,729
533,533,443,911,452,824,735,721,748,474,658,539,806,434,496,591,490,599,709,893,411
534,534,651,760,791,729,827,897,790,859,648,766,771,477,553,592,742,840,896,412,446
535,535,479,488,671,545,665,592,758,528,880,409,444,471,600,640,670,783,828,70,456
536,536,449,724,510,460,628,540,780,718,403,517,576,554,913,975,625,871,694,833,978
537,537,248,250,249,802,795,450,174,176,241,269,970,172,238,746,162,163,212,235,247
538,538,497,668,698,663,884,442,832,406,506,640,483,562,727,915,873,904,437,576,580
539,539,741,799,478,458,640,868,893,480,533,549,894,519,599,658,692,917,919,921,412
540,540,536,517,403,724,510,554,718,812,913,628,833,437,460,484,657,780,900,557,600
541,541,542,822,420,819,642,652,776,439,513,577,699,875,400,427,432,469,494,768,787
542,542,541,418,767,845,644,710,769,822,910,421,696,558,587,709,731,816,420,477,623
543,543,422,731,747,587,830,702,424,416,459,471,507,610,655,695,788,816,882,398,523
544,544,469,567,909,521,849,659,827,809,926,428,463,505,962,964,618,813,968,0,632
545,545,787,753,535,650,811,506,479,632,827,846,577,818,421,451,477,592,619,635,752
546,546,402,420,819,714,650,776,486,889,542,401,432,593,594,597,818,632,641,643,673
547,547,705,565,829,820,874,466,803,517,443,595,625,718,779,821,414,489,510,525,554
548,548,598,851,493,453,495,556,553,651,894,632,482,848,526,532,527,664,782,799,827
549,549,692,591,478,446,893,922,709,539,700,721,868,921,767,916,419,620,711,750,455
550,550,505,804,473,891,967,503,653,686,771,872,447,766,827,899,482,786,818,844,507
551,551,629,633,631,696,710,711,712,720,748,861,838,446,455,504,585,588,592,626,680
552,552,903,643,452,568,601,641,785,824,470,578,850,902,982,88,107,151,154,156,228
553,553,493,742,526,713,760,492,771,527,894,453,478,519,534,844,896,410,827,480,632
554,554,562,694,625,914,814,540,536,628,724,974,403,510,555,780,803,871,408,460,975
555,555,864,407,867,569,609,874,705,547,654,757,717,779,675,734,803,561,661,829,866
556,556,827,421,492,493,648,799,406,516,753,857,904,905,412,458,495,564,743,771,811
557,557,733,701,920,517,723,698,437,498,538,602,832,919,663,405,497,645,668,682,708
558,558,683,432,593,699,764,875,889,486,542,684,776,819,413,642,687,845,902,456,513
559,559,765,532,706,431,423,428,830,526,703,762,843,872,412,414,523,637,799,410,498
560,560,768,981,518,805,461,676,615,787,176,241,566,719,859,251,255,429,430,433,455
561,561,569,864,866,517,575,595,634,583,803,867,779,573,621,555,675,571,730,877,422
562,562,974,554,698,818,718,708,725,854,975,460,483,556,476,497,572,657,727,839,421
563,563,418,696,629,777,784,767,623,845,558,677,710,918,512,626,446,674,709,744,763
564,564,831,669,750,799,894,520,905,857,516,706,556,406,495,532,846,431,476,548,583
565,565,547,820,799,705,867,675,519,569,856,412,595,819,458,709,718,771,539,555,556
566,566,513,875,776,683,432,439,541,507,546,558,652,725,819,464,610,676,787,818,857
567,567,909,813,544,910,618,647,827,926,469,891,939,420,435,731,809,828,837,861,868
568,568,824,501,474,735,869,911,885,368,434,552,614,284,399,655,689,697,793,834,840
569,569,867,675,803,864,517,561,595,866,555,654,757,408,412,565,586,609,660,734,407
570,570,691,643,676,801,796,759,983,447,787,531,615,650,836,414,461,491,524,535,543
571,571,637,707,886,480,412,704,778,424,760,863,528,747,800,826,877,882,437,456,498
572,572,441,966,968,725,503,883,907,619,711,504,967,417,440,828,927,969,438,470,505
573,573,751,450,621,518,575,817,802,670,870,560,561,472,479,693,866,408,586,665,718
574,574,429,722,855,805,522,720,736,783,326,512,650,714,746,852,949,65,328,529,640
575,575,561,621,609,661,670,654,573,656,757,866,870,408,511,569,665,734,751,803,468
576,576,472,693,536,449,914,460,698,148,483,663,743,814,857,476,554,668,718,724,801
577,577,494,787,541,426,422,635,816,117,567,632,807,5,600,666,712,729,778,427,463
578,578,601,982,689,501,411,775,885,614,669,697,854,887,457,638,639,728,879,406,445
579,579,881,687,401,889,486,736,742,432,469,516,517,421,506,799,878,408,423,428,532
580,580,706,738,799,449,716,718,538,904,425,489,660,727,755,839,884,421,428,497,582
581,581,468,511,436,717,479,661,817,656,609,627,753,670,407,734,751,754,864,421,427
582,582,509,467,415,762,954,865,860,955,790,938,943,950,951,953,728,766,936,952,956
583,583,839,561,442,634,421,580,853,448,706,733,743,786,843,409,424,428,495,516,564
584,584,679,767,709,723,772,816,600,783,710,451,616,893,443,551,641,677,748,749,929
585,585,631,838,711,898,589,720,737,804,629,648,700,845,503,424,470,613,686,731,747
586,586,847,864,744,408,609,652,820,471,866,407,867,561,657,62,403,517,565,730,61
587,587,596,677,784,792,473,477,710,777,783,512,424,499,786,845,543,600,696,726,767
588,588,790,431,492,516,519,520,692,477,748,496,551,631,636,831,868,883,401,415,427
589,589,650,740,585,587,882,512,528,606,613,811,424,786,837,903,447,457,473,477,485
590,590,487,754,761,605,681,662,810,508,620,688,485,531,782,480,707,878,477,527,530
591,591,721,434,692,411,549,868,610,700,750,452,496,893,443,741,446,533,669,728,735
592,592,662,745,481,485,848,528,620,844,732,798,446,473,487,688,692,742,754,893,482
593,593,558,487,684,626,650,902,761,447,482,699,563,629,662,784,929,112,456,481,642
594,594,699,546,839,456,486,579,765,402,687,821,857,144,401,420,432,476,501,558,800
595,595,856,866,730,561,867,820,803,621,408,847,864,958,569,634,425,565,660,703,751
596,596,587,792,499,677,477,813,491,764,597,730,784,787,912,46,67,161,457,512,611
597,597,763,777,464,748,636,615,764,413,414,596,473,514,515,630,726,774,902,465,893
598,598,548,851,664,632,527,745,498,782,754,848,482,526,435,485,651,762,789,811,831
599,599,410,309,310,904,955,61,968,109,308,397,398,539,619,632,634,677,951,994,998
600,600,677,695,772,584,488,507,512,517,783,428,464,494,679,733,843,53,111,315,402
601,601,689,578,982,452,887,501,516,406,594,655,915,423,431,562,614,663,411,424,428
602,602,702,416,733,843,422,890,752,430,456,543,561,799,819,862,877,398,462,608,638
603,603,690,345,612,730,428,856,354,661,870,444,346,427,439,787,339,471,537,573,866
604,604,572,522,708,846,438,778,470,550,583,892,966,907,551,577,588,720,773,494,512
605,605,761,487,632,754,620,681,481,590,710,626,662,767,848,485,592,709,748,844,893
606,606,882,528,786,710,774,840,473,518,589,778,897,861,600,662,673,446,453,478,482
607,607,393,986,530,721,785,427,556,685,846,920,940,470,932,950,606,863,941,67,122
608,608,655,474,842,411,615,806,597,502,591,885,414,434,490,514,529,630,721,741,774
609,609,717,803,864,407,408,654,656,436,555,569,586,734,757,847,468,575,581,595,779
610,610,841,614,443,411,638,474,697,721,735,887,399,529,885,797,837,981,549,560,617
611,611,741,549,591,918,868,721,646,695,904,406,443,470,750,783,892,917,922,76,208
612,612,870,603,661,444,665,670,791,559,523,690,830,879,439,471,575,656,765,880,423
613,613,844,754,740,528,761,882,673,606,650,662,726,447,731,749,804,846,526,622,632
614,614,697,775,982,887,578,411,399,869,414,789,501,689,452,523,612,643,735,879,894
615,615,597,806,774,414,465,502,529,655,796,911,464,638,433,518,842,447,459,461,608
616,616,488,840,695,506,816,600,677,911,327,533,679,824,489,558,53,71,410,452,457
617,617,823,438,697,869,834,887,982,841,906,457,467,582,614,691,712,862,903,411,415
618,618,813,567,910,828,909,469,809,494,600,731,792,463,596,633,677,773,783,822,925
619,619,846,818,947,992,545,804,879,494,632,669,700,711,328,417,448,464,541,572,600
620,620,681,527,810,662,664,508,782,590,673,526,742,754,766,851,410,418,469,477,478
621,621,870,573,575,866,882,595,670,730,428,491,561,665,843,522,751,830,661,704,740
622,622,759,633,746,447,455,872,414,551,613,632,732,745,754,543,686,422,477,567,629
623,623,784,777,418,767,618,749,473,499,696,709,512,549,563,477,542,584,644,692,710
624,624,454,453,917,860,553,582,698,743,762,788,884,406,424,497,509,526,648,877,446
625,625,814,554,510,724,536,540,408,913,407,628,914,472,833,576,779,803,830,950,449
626,626,862,644,470,767,692,710,902,473,784,711,419,507,593,662,720,761,441,563,629
627,627,656,436,654,468,581,511,479,407,466,717,864,817,751,609,734,757,705,779,785
628,628,536,510,403,694,554,484,913,833,540,718,814,460,832,498,625,404,624,677,698
629,629,711,551,767,563,626,418,929,585,644,710,784,902,773,966,470,477,631,696,804
630,630,502,774,514,806,597,788,608,770,539,615,748,765,464,655,658,703,726,893,34
631,631,838,711,585,720,804,551,692,680,901,629,883,898,969,647,899,907,434,438,496
632,632,754,482,485,848,818,598,605,527,662,811,545,673,733,745,759,481,487,548,732
633,633,447,622,710,745,759,845,424,475,589,823,971,463,549,585,632,732,818,836,837
634,634,491,856,519,912,428,561,580,853,410,449,536,792,866,913,425,427,460,471,565
635,635,426,826,409,778,835,892,507,531,685,455,746,752,769,451,464,473,492,528,563
636,636,748,414,597,709,790,893,464,443,446,885,507,459,465,469,492,541,601,606,615
637,637,412,704,707,448,463,844,480,571,410,528,771,859,886,458,471,492,653,695,710
638,638,639,445,433,459,655,416,842,775,977,978,578,801,838,876,112,487,490,693,837
639,638,639,445,433,655,416,459,842,578,838,543,529,702,733,775,876,890,977,515,602
640,640,458,835,539,646,787,892,538,535,741,771,109,891,422,363,455,488,506,544,695
641,641,522,543,584,731,902,910,618,722,816,542,572,644,828,417,420,422,502,589,684
642,642,699,634,762,881,410,494,726,541,542,577,579,587,703,739,822,401,644,693,412
643,643,796,836,837,452,787,903,552,461,524,801,863,433,496,515,518,560,570,645,845
644,644,626,862,470,542,677,710,767,723,494,587,596,642,696,699,818,929,980,100,107
645,645,733,832,843,557,701,456,839,875,890,417,476,723,775,830,863,915,971,980,735
646,646,958,506,835,580,640,825,539,649,698,984,522,815,562,979,109,421,425,538,634
647,647,438,968,441,463,503,659,725,828,899,504,969,898,473,712,809,813,845,332,532
648,648,760,495,894,896,453,799,651,711,435,804,904,631,720,771,861,876,905,492,585
649,649,825,972,912,500,682,873,958,425,483,646,970,976,913,336,458,460,471,562,708
650,650,819,818,855,546,589,641,872,558,513,543,776,402,523,677,722,828,413,421,447
651,651,859,534,782,827,760,897,688,851,480,754,482,530,548,664,742,766,771,786,896
652,652,764,465,869,715,413,439,981,830,457,834,515,523,570,586,400,518,614,667,703
653,653,899,505,427,756,469,463,898,412,738,695,708,725,737,883,901,494,503,550,773
654,654,734,757,656,407,675,705,874,779,575,609,468,436,408,555,627,717,829,578,581
655,655,514,601,502,731,903,608,689,523,842,435,459,529,638,703,750,788,917,411,424
656,656,436,654,468,734,479,407,581,609,675,717,627,751,757,864,511,569,571,704,874
657,657,744,471,812,895,405,908,403,682,833,847,437,497,517,733,845,404,408,421,484
658,658,911,806,474,796,824,452,496,502,533,850,748,539,735,411,414,443,584,611,774
659,659,809,968,666,647,883,435,725,876,463,828,849,896,504,572,738,868,438,441,495
660,660,757,449,867,716,425,569,675,705,706,864,915,565,799,580,807,912,410,491,497
661,661,479,870,612,575,603,717,866,586,856,864,511,581,670,751,817,573,609,665,621
662,662,754,620,592,605,485,742,745,482,673,761,811,848,882,487,527,681,859,921,446
663,663,497,698,483,442,884,873,668,406,832,409,538,562,425,624,708,888,970,972,415
664,664,782,527,526,673,851,598,620,742,548,681,423,453,480,482,508,613,632,651,713
665,665,671,870,670,444,518,535,612,880,621,661,414,491,615,830,970,468,603,787,408
666,666,618,587,463,659,816,739,896,572,809,910,469,647,961,968,471,488,502,596,696
667,667,400,501,439,652,456,549,834,879,399,452,515,557,626,636,862,885,434,448,457
668,668,538,682,698,497,727,663,832,442,562,483,498,821,437,657,900,708,873,915,307
669,669,564,520,516,831,794,478,601,619,672,431,411,470,580,526,591,750,797,406,434
670,670,665,518,802,870,573,428,450,575,621,535,880,461,479,615,414,423,444,468,555
671,671,444,880,518,665,970,870,872,972,612,615,979,413,421,535,570,600,764,249,350
672,672,915,879,797,970,979,414,501,669,980,701,538,780,802,37,472,972,975,977,417
673,673,508,527,681,526,782,613,664,761,620,662,487,622,810,430,485,504,518,530,589
674,674,333,626,335,104,419,464,491,644,710,786,357,695,338,519,692,696,709,845,882
675,675,867,569,734,654,757,656,407,660,864,717,555,565,609,412,468,561,751,779,781
676,676,691,208,225,235,163,243,560,151,165,180,197,205,256,273,354,570,174,234,242
677,677,783,587,600,644,784,695,114,696,845,912,42,113,506,772,27,36,54,77,79
678,678,443,457,655,903,439,523,570,700,824,906,929,400,585,589,638,652,796,830,836
679,679,488,616,506,455,584,772,902,490,591,748,443,459,600,714,515,695,451,417,445
680,680,631,804,898,585,691,838,899,773,731,434,529,641,720,845,929,443,470,473,505
681,620,681,527,508,673,782,664,526,662,742,810,878,916,485,848,534,553,590,592,605
682,682,708,442,657,873,649,668,835,497,839,832,663,744,437,698,863,908,562,718,812
683,683,558,432,776,902,513,542,566,593,834,845,875,486,488,563,623,699,764,819,889
684,684,719,773,558,641,499,596,455,502,513,589,597,875,115,397,584,587,606,726,777
685,685,426,409,826,785,704,530,778,688,769,892,531,422,485,565,479,535,635,810,897
686,686,535,753,412,710,855,626,592,720,759,773,479,504,740,477,541,653,758,783,827
687,687,497,406,698,884,663,520,494,421,579,854,724,753,857,495,506,561,563,675,699
688,688,754,782,530,664,651,590,848,485,409,527,613,851,707,771,794,480,482,526,531
689,689,601,578,411,775,885,887,452,793,824,501,735,843,903,982,414,431,456,614,619
690,690,345,603,346,730,354,348,355,856,866,339,428,612,349,353,449,519,537,634,853
691,691,570,518,983,801,560,643,680,652,676,796,882,414,617,633,678,823,971,413,420
692,692,549,478,419,728,893,591,767,921,709,509,631,644,748,838,917,496,519,529,539
693,693,472,576,795,814,391,758,625,871,975,147,456,792,801,977,562,573,733,787,914
694,694,449,703,821,559,428,471,525,536,554,595,628,913,975,555,625,690,856,425,506
695,695,600,507,488,464,473,587,679,748,451,637,804,844,896,902,512,616,677,743,772
696,696,767,462,418,784,629,551,563,709,749,813,587,710,792,845,558,623,644,737,910
697,697,614,797,775,869,411,496,529,610,652,824,834,841,617,735,882,887,515,520,589
698,698,663,873,483,497,884,668,538,624,682,743,442,562,406,557,628,708,888,975,439
699,699,642,558,494,594,684,641,644,710,456,541,584,593,889,402,486,513,643,787,822
700,700,470,591,686,846,811,419,478,492,496,549,606,651,742,901,282,285,287,412,421
701,701,417,405,557,843,879,908,978,21,895,107,96,619,975,73,350,600,710,723,733
702,702,602,416,733,890,422,421,872,523,543,430,456,462,722,830,843,877,429,556,612
703,703,706,765,428,559,412,843,458,912,975,831,421,637,825,642,649,733,830,835,410
704,704,637,447,412,707,877,480,774,778,920,919,468,571,615,627,635,643,656,759,471
705,705,547,565,829,466,820,874,654,799,660,779,580,675,555,757,839,867,408,421,525
706,706,762,580,703,799,532,765,421,428,660,738,756,791,975,559,716,876,879,449,460
707,707,528,480,571,637,704,482,848,886,804,487,580,613,761,882,920,412,583,589,606
708,708,682,442,562,668,873,832,835,458,437,538,663,497,403,652,862,900,23,406,471
709,709,893,748,767,418,549,529,710,419,591,636,692,721,868,584,772,784,477,696,443
710,710,767,709,674,626,769,418,644,696,844,859,695,542,623,633,680,692,732,783,412
711,711,631,551,804,626,503,838,710,412,446,478,629,686,438,550,585,588,680,737,898
712,712,971,463,809,828,868,633,720,438,455,551,898,107,647,659,680,541,714,960,961
713,713,742,897,480,534,478,527,553,827,526,485,583,778,848,410,482,519,620,651,681
714,714,402,767,546,420,455,722,419,464,679,748,746,787,813,457,488,551,606,695,752
715,715,652,439,523,570,524,787,875,879,981,490,764,457,792,869,541,830,391,400,428
716,716,912,421,753,520,706,743,489,580,660,460,494,637,738,497,703,795,425,448,449
717,717,864,511,581,609,479,436,468,555,803,661,656,660,675,751,586,817,866,867,408
718,718,839,821,554,536,460,525,510,888,421,437,449,489,517,628,975,976,978,497,580
719,719,849,684,773,725,448,804,710,859,341,641,850,643,470,607,709,721,748,883,6
720,720,631,845,680,455,838,711,767,907,419,898,626,648,686,773,855,902,427,441,551
721,721,750,748,893,692,636,709,434,591,885,411,446,529,443,496,549,414,452,520,533
722,722,752,602,416,702,981,430,736,781,852,890,642,450,865,886,429,509,579,582,693
723,723,584,645,327,549,738,879,600,611,731,94,419,448,463,545,557,667,716,838,892
724,724,780,536,913,540,628,625,914,517,476,733,829,403,554,839,871,406,510,547,718
725,725,899,849,505,883,901,968,504,438,572,441,666,721,756,463,606,773,804,809,969
726,726,674,710,774,499,630,764,587,600,902,464,492,502,597,844,491,584,695,763,516
727,727,538,755,668,900,580,821,562,698,828,832,807,545,915,425,437,490,498,574,619
728,728,692,529,610,669,700,721,412,452,591,523,549,601,793,89,281,285,414,460,489
729,729,495,648,453,534,651,760,827,828,520,553,687,709,745,831,859,894,897,406,463
730,730,866,595,428,690,856,345,603,958,621,870,913,339,346,427,792,354,425,471,634
731,731,816,861,896,840,641,613,666,813,846,879,880,882,929,435,461,462,491,505,542
732,732,759,745,622,872,482,754,710,550,786,848,818,859,485,626,897,478,481,487,605
733,733,557,517,645,602,920,489,600,840,919,313,416,682,723,731,799,863,900,912,315
734,734,407,656,654,468,675,436,569,751,757,609,479,817,864,555,627,830,867,874,408
735,735,911,824,474,887,443,501,533,614,689,841,885,697,775,399,490,568,641,699,411
736,736,722,613,522,641,542,579,762,416,526,720,876,398,406,492,532,583,598,620,642
737,737,440,898,907,455,441,969,680,711,760,438,509,720,804,886,966,582,631,728,747
738,738,756,580,883,428,463,706,716,666,427,659,924,944,985,406,412,544,653,725,792
739,739,961,666,809,696,756,415,618,726,606,749,467,541,544,577,587,659,778,868,899
740,740,491,587,784,882,589,763,477,613,686,413,597,764,535,570,596,691,704,745,786
741,741,539,721,750,824,887,406,611,591,411,911,857,885,474,496,735,894,640,668,401
742,742,713,480,553,745,485,527,859,526,766,786,662,878,478,583,674,897,446,482,598
743,743,421,877,884,799,624,789,663,695,905,466,904,454,425,489,497,519,765,791,424
744,657,744,812,895,908,471,833,517,563,847,403,405,682,404,437,557,569,668,733,764
745,745,754,732,485,662,759,818,848,742,811,592,632,771,447,478,482,673,710,786,882
746,746,795,462,455,615,430,537,450,560,981,787,541,802,714,796,429,567,622,701,752
747,747,422,731,797,417,427,740,882,463,543,570,700,722,756,898,412,423,512,560,604
748,748,893,709,636,414,529,597,452,464,721,446,549,591,434,419,478,539,551,592,674
749,749,623,618,845,549,563,696,784,587,777,816,456,462,492,542,584,606,636,731,748
750,750,831,564,721,846,669,797,520,431,894,532,799,885,887,209,285,434,453,608,709
751,751,817,479,573,864,468,717,555,511,581,609,705,408,518,627,656,781,981,349,436
752,752,852,981,722,890,430,429,805,781,819,862,746,902,522,545,602,790,843,880,615
753,753,811,716,401,905,520,581,754,412,494,556,729,458,686,703,743,792,858,69,402
754,754,482,848,485,632,688,732,745,811,759,481,487,530,662,710,844,859,401,492,507
755,755,807,754,900,545,405,808,835,562,727,821,417,517,839,538,409,425,540,577,580
756,756,427,412,463,653,738,899,792,469,897,410,580,660,706,747,882,898,559,588,637
757,757,660,654,407,675,734,874,705,569,867,555,829,609,656,408,423,424,475,518,547
758,758,733,456,587,695,391,460,471,528,535,543,693,764,696,786,795,845,855,395,413
759,759,622,732,872,447,745,754,482,633,897,570,710,848,481,507,531,632,763,786,479
760,760,651,648,534,799,415,865,827,509,553,771,788,454,886,894,899,582,737,766,790
761,761,487,590,754,528,605,508,767,398,507,613,707,769,810,662,709,878,473,593,620
762,762,532,923,415,582,624,509,424,498,962,928,423,470,579,659,706,786,809,860,884
763,763,597,764,413,740,473,596,882,512,589,777,464,587,786,477,528,684,709,726,748
764,764,413,763,456,652,432,558,777,465,491,593,795,872,587,758,447,462,477,494,501
765,765,559,703,532,706,423,516,857,421,716,791,799,428,526,843,877,912,448,453,495
766,766,415,467,827,962,813,582,886,931,788,784,544,771,909,119,123,469,499,534,651
767,767,418,709,710,644,629,696,626,772,419,563,584,585,720,773,549,587,623,692,769
768,768,805,560,890,429,430,701,615,830,518,522,752,880,422,455,722,746,747,770,787
769,769,798,845,767,418,778,600,709,710,918,446,419,426,542,587,593,623,647,692,777
770,770,774,788,502,806,630,514,643,414,464,746,855,69,543,616,56,61,443,478,496
771,771,478,507,745,526,778,894,651,664,844,662,732,848,446,480,485,632,707,754,527
772,772,600,679,584,451,488,677,695,506,512,709,748,855,455,721,823,828,843,52,111
773,773,899,505,710,855,503,711,725,804,883,680,720,737,470,504,828,898,427,447,550
774,774,770,502,630,788,615,464,597,726,748,414,419,443,606,676,806,447,459,529,539
775,775,614,842,578,689,411,445,697,824,515,638,645,655,747,862,463,467,801,836,879
776,776,513,683,432,566,875,558,819,401,420,699,402,517,541,546,593,650,889,899,902
777,777,623,597,499,473,563,596,456,464,764,512,600,477,784,787,587,636,726,749,792
778,778,409,826,426,635,662,786,467,494,618,704,892,423,492,685,883,891,435,463,478
779,779,705,874,654,555,829,468,408,675,867,803,547,864,609,734,569,581,866,984,436
780,780,724,914,871,536,484,672,554,591,628,718,913,464,497,517,540,619,895,915,978
781,781,498,530,800,919,920,918,981,688,819,458,510,746,752,860,922,405,454,557,754
782,664,782,527,851,526,673,508,598,620,651,548,681,742,613,688,553,605,713,745,811
783,783,677,543,422,477,587,844,902,398,784,418,623,470,473,488,767,512,584,629,679
784,784,845,740,587,677,696,767,563,623,418,477,726,783,526,596,618,629,644,731,769
785,785,656,627,654,475,419,575,837,487,511,515,445,473,600,797,823,824,834,836,906
786,786,606,745,589,896,471,526,732,740,878,423,424,528,550,700,764,897,406,553,710
787,787,461,524,458,835,464,577,861,541,640,643,741,892,406,420,451,490,494,597,679
788,788,502,865,454,582,509,774,624,860,515,886,459,514,415,422,424,543,630,652,695
789,789,799,904,905,743,421,894,614,877,598,706,532,564,579,896,446,498,520,556,563
790,790,588,791,463,748,431,516,636,582,478,520,412,462,509,519,729,840,414,452,526
791,791,790,582,830,489,703,674,706,516,534,423,428,765,772,811,865,332,412,421,424
792,792,462,795,840,596,428,523,587,730,463,499,796,491,537,696,803,570,580,608,695
793,793,452,433,903,434,529,515,728,808,797,423,584,667,828,887,150,420,451,457,509
794,794,894,411,669,435,591,905,799,648,775,896,434,697,750,854,876,443,564,721,760
795,795,537,970,802,796,792,746,450,523,672,803,170,241,248,456,491,701,733,788,979
796,796,643,570,658,801,795,518,399,452,802,691,911,824,970,496,537,652,676,678,836
797,797,750,672,434,414,496,701,831,529,539,697,748,793,830,840,885,284,411,443,514
798,798,769,918,922,778,984,426,688,446,635,647,845,481,508,742,804,816,987,410,421
799,799,894,706,789,495,905,564,539,654,453,743,904,624,648,523,532,656,660,705,733
800,800,886,509,498,582,762,782,480,860,851,865,409,530,664,781,917,654,766,487,497
801,801,983,433,6,973,329,570,842,445,107,150,691,838,3,112,638,796,33,34,775
802,802,450,537,795,803,670,573,746,518,970,983,80,672,792,444,665,671,693,701,880
803,803,730,866,802,561,609,864,867,569,595,408,625,634,621,517,555,792,970,565,603
804,804,711,896,631,648,861,883,899,438,503,773,435,505,512,550,600,605,700,710,720
805,805,890,768,518,522,574,622,429,812,430,543,852,560,673,746,902,388,417,599,641
806,806,658,911,496,502,514,774,630,824,529,655,615,697,419,474,608,770,850,452,457
807,807,755,835,489,525,536,580,703,718,753,781,417,421,545,646,706,743,787,839,858
808,808,515,452,903,506,838,911,451,514,619,641,879,434,439,445,457,509,529,558,562
809,809,925,926,659,968,923,469,937,618,909,964,969,666,924,967,544,910,959,455,504
810,810,878,508,681,620,673,742,401,590,398,748,891,527,487,786,526,581,605,662,732
811,811,545,753,632,882,859,745,412,827,485,534,556,589,651,662,754,771,401,482,606
812,812,657,895,404,744,908,437,833,510,540,682,403,442,470,554,562,668,818,980,405
813,813,618,910,792,499,567,909,696,419,587,623,828,891,462,584,710,731,767,113,473
814,814,554,625,408,693,472,871,802,833,148,977,484,147,536,744,780,914,975,403,405
815,815,73,74,72,77,75,489,904,70,107,580,30,76,84,318,396,488,600,704,824
816,816,641,113,666,710,911,563,587,696,731,777,616,677,422,462,584,623,658,784,806
817,817,751,479,511,581,468,436,656,864,573,661,705,627,407,555,609,670,717,408,412
818,818,619,650,846,819,545,546,632,745,920,471,626,761,402,421,435,470,475,506,518
819,819,546,818,498,854,642,650,632,762,781,862,402,416,432,476,641,776,822,406,420
820,820,547,565,705,856,471,833,586,634,866,595,847,867,569,888,403,517,744,829,974
821,821,718,839,888,755,554,525,727,421,460,580,628,517,668,425,506,595,694,703,807
822,822,541,401,642,542,463,469,544,819,579,439,612,807,875,476,486,787,427,450,494
823,823,617,600,451,826,902,633,456,529,679,749,772,507,592,641,691,722,813,841,419
824,824,735,911,474,533,658,452,568,806,501,721,496,591,539,552,608,679,709,741,775
825,825,649,858,912,460,972,979,336,500,646,975,425,677,970,328,421,458,483,634,695
826,826,635,409,426,531,530,778,455,685,485,892,622,473,487,679,482,488,528,704,754
827,827,651,556,505,544,534,859,469,760,848,766,897,423,485,550,637,811,891,909,412
828,828,618,650,855,752,968,545,567,589,659,773,813,463,469,506,611,633,725,896,910
829,829,874,705,547,654,466,920,517,569,779,408,694,555,757,820,405,415,424,444,468
830,830,428,652,450,802,407,413,491,518,523,701,764,416,444,522,537,573,693,730,791
831,831,750,564,598,721,669,846,905,453,532,765,894,857,885,478,495,516,520,619,706
832,832,698,663,538,497,562,682,708,483,668,442,628,839,645,437,557,812,863,915,970
833,833,536,403,628,460,554,814,408,913,471,472,718,484,510,147,437,449,540,562,895
834,834,457,982,906,630,869,451,652,655,608,399,400,568,870,880,412,422,444,474,501
835,835,458,892,640,409,682,635,708,873,649,426,497,500,538,539,703,743,778,861,919
836,837,836,785,838,903,445,457,475,650,748,459,464,584,597,845,859,869,199,424,433
837,836,837,785,608,838,929,447,452,841,903,441,475,487,575,593,617,633,691,796,813
838,838,631,711,929,585,692,419,551,720,737,445,898,433,440,441,470,478,487,529,648
839,839,718,821,888,517,525,489,554,975,421,483,580,755,976,510,724,780,449,460,497
840,840,462,792,696,911,784,790,767,228,418,452,539,733,749,882,463,616,619,793,406
841,841,474,610,911,735,824,414,465,608,501,568,617,490,614,636,796,411,529,638,658
842,842,445,433,801,638,838,977,876,529,639,775,978,472,543,562,702,752,929,6,435
843,843,602,645,733,703,870,456,488,778,428,517,702,839,529,600,765,872,416,419,476
844,844,507,771,480,673,695,804,892,637,662,688,605,619,626,754,760,761,861,571,707
845,845,784,563,418,629,558,631,711,626,696,720,749,823,902,966,419,585,657,767,804
846,846,619,532,818,883,708,494,545,572,905,947,470,613,725,762,879,992,406,448,462
847,847,586,408,471,744,609,657,820,864,652,745,403,562,575,517,833,866,895,447,466
848,848,482,754,485,481,632,651,710,732,759,605,745,531,662,688,742,464,480,571,592
849,849,505,725,899,504,901,883,968,719,773,618,469,503,659,828,868,69,112,113,223
850,850,865,911,265,496,588,191,452,443,184,189,266,267,186,415,643,773,806,928,105
851,851,782,664,548,598,527,651,859,412,480,487,498,559,637,688,458,495,532,556,632
852,852,752,429,805,948,722,890,522,936,455,574,768,958,988,584,641,950,951,955,232
853,853,425,958,449,462,858,442,649,884,434,634,762,448,497,539,663,690,706,846,977
854,854,498,819,406,857,598,564,794,905,818,556,562,669,884,885,894,425,619,741,762
855,855,650,574,720,455,773,783,429,686,419,447,828,440,504,551,562,585,616,626,737
856,856,595,866,730,690,603,621,634,471,586,803,820,561,847,864,958,517,661,345,408
857,857,406,765,564,698,497,884,663,887,532,556,492,741,854,516,594,687,703,832,423
858,858,663,853,442,483,538,807,825,497,646,698,706,743,489,508,611,634,458,498,539
859,859,710,732,882,891,742,811,651,754,804,899,461,464,482,526,550,626,636,637,719
860,860,454,415,424,509,886,582,762,788,919,498,624,778,781,800,865,917,921,409,799
861,861,731,896,787,804,435,835,897,648,666,794,868,464,679,816,892,412,428,448,463
862,862,819,980,644,470,626,556,818,546,827,406,420,456,469,594,645,652,752,981,424
863,863,733,682,645,832,708,448,643,919,920,491,498,517,562,637,704,514,634,770,464
864,864,555,609,803,867,569,717,407,561,734,468,586,627,779,675,408,436,479,517,595
865,865,509,860,850,788,582,406,415,711,417,917,424,454,495,526,580,611,648,762,786
866,866,730,595,856,561,621,661,803,864,958,609,870,555,867,471,586,603,634,820,425
867,867,569,675,660,555,757,864,565,654,705,407,460,812,425,561,609,751,803,920,517
868,868,748,591,787,455,464,611,692,861,551,659,923,415,492,539,541,577,721,746,835
869,869,834,568,652,617,655,608,885,457,630,414,523,697,439,474,501,515,570,667,796
870,870,665,670,444,612,880,621,615,671,603,703,428,573,661,641,765,866,452,518,575
871,871,484,914,780,536,437,554,913,833,814,404,895,148,540,657,682,908,395,403,812
872,872,447,764,745,759,523,456,650,740,758,882,473,477,550,621,702,778,818,875,413
873,873,663,442,884,668,698,888,839,708,406,682,107,562,483,525,832,468,497,498,624
874,874,829,705,654,779,555,757,547,734,569,408,609,655,733,407,436,468,498,551,656
875,875,513,566,776,432,558,439,822,889,683,787,523,541,546,652,401,402,420,486,618
876,435,876,896,794,434,648,793,861,516,706,804,842,897,281,428,431,433,445,449,469
877,877,743,561,707,624,412,480,421,799,580,762,634,550,571,637,702,730,788,884,886
878,878,810,508,401,398,524,581,742,687,528,681,440,455,490,613,677,754,891,69,526
879,879,667,701,808,723,417,672,515,612,971,452,463,580,614,655,841,412,456,489,518
880,880,444,870,671,665,518,612,414,522,752,615,670,843,972,515,575,603,652,655,656
881,881,579,687,401,642,421,508,766,432,753,482,593,493,525,526,553,620,644,810,853
882,882,606,523,571,613,840,673,691,740,811,891,899,491,528,570,621,726,733,756,758
883,883,725,738,899,572,619,711,846,773,901,666,748,849,968,406,505,532,804,427,440
884,884,663,406,497,873,538,698,687,668,743,442,580,741,562,619,624,857,888,70,449
885,885,748,893,721,636,709,496,584,501,689,697,750,824,399,411,434,474,529,539,591
886,886,800,860,480,760,509,737,582,707,648,631,637,454,571,654,865,412,424,478,788
887,887,614,857,406,461,501,601,689,619,735,741,399,591,748,490,496,578,643,750,885
888,888,525,718,821,483,839,884,663,873,547,580,706,958,979,241,421,449,460,497,562
889,889,486,402,420,546,401,558,875,432,541,763,593,513,683,740,764,776,822,881,283
890,890,430,805,602,615,752,768,702,429,433,445,722,416,638,842,981,456,747,560,639
891,891,477,544,810,813,640,745,827,878,882,398,859,423,485,492,505,551,567,622,635
892,892,409,426,826,635,835,787,640,778,442,406,433,448,455,497,530,531,532,549,637
893,893,748,709,549,692,446,636,921,464,591,868,710,721,414,419,496,539,767,911,434
894,894,799,493,495,553,648,453,548,789,564,760,905,556,771,598,896,467,526,534,591
895,895,908,404,403,744,657,812,920,21,450,833,94,405,517,18,22,51,91,99,134
896,896,435,804,876,648,861,659,708,731,786,651,666,809,739,846,899,60,282,285,443
897,897,861,651,534,745,713,742,827,482,760,479,859,485,632,648,759,771,811,828,848
898,898,899,737,680,711,585,773,438,440,804,838,845,463,650,720,756,971,455,572,626
899,899,725,505,849,504,901,653,968,647,898,438,883,441,503,550,412,463,756,773,478
900,900,755,437,668,727,538,417,807,463,494,541,405,427,498,540,619,997,442,448,604
901,901,899,883,725,849,440,653,504,907,648,969,631,711,505,773,898,737,804,966,968
902,902,767,473,840,626,418,584,710,488,470,633,635,783,422,462,464,487,543,563,593
903,903,911,585,638,459,643,655,452,584,824,445,439,639,220,552,793,221,501,568,589
904,904,556,905,799,828,77,311,489,753,789,270,307,314,316,539,738,876,254,308,312
905,905,799,904,789,753,894,421,564,743,495,532,794,549,580,624,648,706,811,831,896
906,906,834,457,451,982,617,474,616,630,652,806,869,515,513,549,558,608,667,400,452
907,907,440,966,737,512,631,441,720,572,969,563,711,804,898,503,582,588,614,626,648
908,908,895,404,403,812,744,407,871,657,484,701,51,405,525,760,830,835,915,970,980
909,909,567,469,926,544,809,813,910,827,923,925,521,618,959,118,659,467,485,577,673
910,910,618,813,909,666,502,567,816,623,641,749,113,542,693,788,112,420,443,469,499
911,911,824,658,806,816,533,616,452,735,506,850,474,584,501,502,568,796,840,228,431
912,912,716,703,825,489,425,677,913,421,958,634,730,984,427,580,646,839,877,975,383
913,913,460,724,536,718,978,525,977,694,976,983,425,628,780,975,408,449,517,649,703
914,914,484,780,871,724,536,554,913,625,814,472,223,672,975,977,437,693,145,405,417
915,915,538,672,580,425,660,449,853,977,601,879,489,757,970,437,706,912,410,450,497
916,916,922,549,917,692,782,921,446,480,681,742,590,620,760,781,851,571,617,664,688
917,917,921,692,611,454,865,481,549,446,922,509,624,916,868,591,767,800,893,424,582
918,918,922,611,508,418,458,620,798,761,767,781,510,563,714,749,794,849,446,549,633
919,919,920,733,424,637,498,412,781,415,571,860,448,489,491,530,704,409,762,791,921
920,920,919,733,818,704,498,829,874,442,530,557,863,873,880,424,468,494,600,632,729
921,921,917,692,549,922,424,446,454,481,919,458,478,611,585,711,860,916,610,620,631
922,922,918,692,916,549,446,458,921,478,798,592,917,582,631,782,868,454,419,611,664
923,923,935,962,809,960,928,965,925,934,933,941,964,415,924,959,124,926,927,930,940
924,924,923,965,666,809,910,909,959,964,928,935,937,943,936,956,962,544,618,926,961
925,809,925,923,967,968,926,960,469,618,928,521,959,935,868,909,910,969,544,659,762
926,926,909,469,809,618,544,567,521,923,925,762,910,924,964,118,813,935,659,828,927
927,927,928,960,969,415,949,968,441,963,470,647,966,967,809,923,952,957,572,931,933
928,928,960,927,923,415,961,935,969,929,659,949,968,470,773,925,930,931,933,962,965
929,929,419,902,470,629,838,641,723,813,928,452,680,443,499,529,626,650,697,767,784
930,930,415,931,961,934,962,965,964,859,923,582,932,434,933,942,963,113,634,666,766
931,931,932,415,930,933,964,923,961,928,962,934,963,941,950,965,61,567,681,809,868
932,932,931,415,488,961,616,868,960,964,930,582,327,506,607,643,934,942,111,112,121
933,933,931,924,934,962,965,930,923,415,935,963,964,928,941,997,114,125,932,956,960
934,934,933,965,923,963,930,924,415,931,932,929,940,959,928,957,962,582,721,838,943
935,935,928,938,962,961,964,659,959,927,923,937,965,567,910,931,953,809,940,956,987
936,936,938,944,956,946,943,582,728,738,937,580,852,939,990,996,67,324,364,390,506
937,937,938,936,956,738,944,939,955,943,46,666,924,945,973,490,644,962,31,390,393
938,938,937,936,956,944,961,991,935,805,928,980,923,959,964,996,998,658,987,533,582
939,943,939,941,940,942,998,954,945,936,953,499,582,907,937,944,491,738,792,929,948
940,940,942,941,951,961,954,950,930,939,953,959,943,955,952,997,931,936,947,965,988
941,941,940,939,942,943,952,945,960,950,964,415,923,931,951,567,928,956,988,544,582
942,942,940,941,502,950,945,952,953,954,943,607,666,767,773,809,910,923,930,931,934
943,943,939,945,941,948,582,936,942,952,998,940,951,114,954,55,329,955,31,59,317
944,944,946,953,956,936,310,954,309,582,938,988,301,738,943,991,90,304,467,518,552
945,945,943,941,952,948,582,939,738,989,936,942,957,773,949,987,988,954,55,572,790
946,946,944,309,328,953,985,990,310,324,462,90,552,956,94,304,518,738,949,952,102
947,947,992,997,994,995,996,991,619,846,949,115,993,6,23,39,50,56,81,107,108
948,948,952,951,954,950,943,945,988,600,852,956,957,989,719,931,939,114,290,433,470
949,949,953,957,954,989,950,868,952,927,990,943,992,582,738,928,956,108,470,924,948
950,950,951,954,957,942,949,952,940,948,953,955,582,986,607,930,989,398,722,828,928
951,951,950,954,948,952,940,986,961,928,722,852,957,988,11,522,582,725,828,953,955
952,952,988,990,951,941,954,957,942,950,956,582,944,989,943,948,940,945,949,7,310
953,953,946,954,944,998,949,956,328,987,738,990,868,938,955,988,883,950,643,996,77
954,954,942,950,939,940,953,951,943,948,957,952,502,582,941,998,110,112,931,944,955
955,955,951,55,952,956,109,986,997,988,0,852,954,948,953,990,64,328,397,506,937
956,956,944,936,938,988,952,946,953,955,328,937,949,990,73,109,599,943,957,364,684
957,957,949,952,989,990,950,945,948,582,953,987,928,954,966,509,719,828,965,968,992
958,958,646,425,649,228,853,429,595,755,852,347,427,483,497,984,106,417,856,866,911
959,959,923,940,935,962,809,762,965,745,933,111,567,909,924,961,659,925,927,937,938
960,960,928,923,415,927,931,962,941,965,967,112,544,813,861,891,952,966,968,504,582
961,961,659,930,415,931,964,932,965,544,909,928,934,935,938,963,6,567,923,933,962
962,962,923,935,965,963,930,928,960,924,415,933,934,926,964,467,521,766,813,927,937
963,963,964,923,415,962,924,931,934,567,927,941,965,809,118,544,762,813,930,939,957
964,964,930,961,965,933,415,544,935,963,923,931,941,962,567,809,924,927,909,928,942
965,965,934,924,923,964,930,933,962,928,961,809,935,963,112,118,700,932,941,415,440
966,966,907,572,441,440,737,967,969,971,512,949,459,503,711,720,845,421,514,541,550
967,967,968,504,925,969,809,960,550,868,505,923,441,928,762,964,503,813,927,572,778
968,968,504,725,967,505,659,809,899,441,849,969,647,666,966,572,711,868,923,412,415
969,969,441,659,967,968,647,692,809,961,631,737,927,928,504,618,838,567,572,760,898
970,970,979,672,795,972,975,980,802,537,976,825,671,792,336,350,912,915,348,349,449
971,971,723,711,417,562,572,641,907,929,398,843,902,438,456,618,645,712,815,837,879
972,972,976,970,979,500,460,975,978,437,525,980,350,671,977,649,825,830,913,150,483
973,973,109,393,65,983,108,329,396,801,397,328,913,107,392,5,6,115,116,327,390
974,974,562,460,980,820,147,977,649,534,975,902,976,406,441,471,554,657,671,726,970
975,975,460,978,449,976,536,977,718,979,472,525,980,99,483,562,706,839,873,913,970
976,976,972,978,460,975,977,437,483,979,913,970,649,150,980,449,497,500,510,698,853
977,977,978,975,976,460,972,913,980,814,842,974,484,979,34,525,693,871,908,6,65
978,978,977,975,976,460,972,913,437,449,701,979,814,879,973,980,50,144,472,536,649
979,979,970,972,975,976,525,825,839,888,980,978,449,562,672,912,974,20,50,150,460
980,980,970,979,672,972,974,976,975,755,908,645,716,832,846,862,915,977,978,1,250
981,981,429,752,560,805,652,862,746,615,617,715,430,787,515,522,851,880,890,176,413
982,982,578,457,614,834,601,667,400,552,558,617,627,654,728,819,887,424,432,513,585
983,983,801,973,3,913,65,691,329,5,570,6,109,149,33,107,308,413,671,693,701
984,984,325,595,779,958,425,908,987,912,716,837,324,664,798,975,309,417,497,998,312
985,985,309,308,738,883,324,310,716,580,325,946,311,723,949,986,326,947,955,968,973
986,986,989,607,939,951,325,940,945,11,738,955,74,985,309,941,90,94,114,133,315
987,987,998,923,943,582,926,935,939,954,1,389,398,938,962,991,0,509,720,809,942
988,988,990,952,989,113,956,114,995,112,310,955,994,948,328,429,582,738,945,947,55
989,989,957,990,988,301,952,310,949,307,78,950,304,522,74,94,489,679,992,11,90
990,990,988,989,957,306,952,113,582,997,304,943,955,956,112,946,947,953,79,125,305
991,991,996,994,993,995,947,992,997,985,990,325,973,25,114,115,305,599,716,825,936
992,947,992,997,994,991,995,996,949,993,988,114,574,933,957,5,99,107,109,113,115
993,993,996,991,947,994,995,997,992,447,8,842,932,960,37,322,365,488,600,988,27
994,994,947,997,992,995,993,991,63,114,124,27,120,596,996,327,56,76,77,113,123
995,995,994,997,991,947,988,993,996,992,990,35,632,849,113,815,34,36,37,43,54
996,996,991,947,993,994,995,997,953,825,961,61,911,938,973,62,67,77,109,112,309
997,997,947,992,995,994,996,993,990,988,666,991,677,930,952,5,35,37,109,118,181
998,998,987,954,398,955,122,599,939,943,953,315,509,582,616,945,0,46,63,112,115
999,999,700,434,876,896,281,435,591,606,617,637,692,728,844,846,861,280,419,463,543
